<?xml version="1.0" encoding="UTF-8"?>

<properties>
  <product name="FishEye" version="3.6.1"/>
  <timeZone>GMT-4</timeZone>
  <sen>SEN-4021337</sen>
  <serverId>B7AG-J5RU-G64F-VPYW</serverId>
  <external-user-management>
    <auth-ldap-initial-bind-user>jira-ldap@ventera.com</auth-ldap-initial-bind-user>
    <stp.properties.fisheye.builtin.signup.enabled>false</stp.properties.fisheye.builtin.signup.enabled>
    <auth-ldap-sync-period>8 hour</auth-ldap-sync-period>
    <auth-ldap-uid-attribute>sAMAccountName</auth-ldap-uid-attribute>
    <auth-ldap-url>ldap://ven-prod-dc1:389</auth-ldap-url>
    <auth-ldap-email-attribute>mail</auth-ldap-email-attribute>
    <auth-ldap-base-dn>OU=Users,OU=Tysons,DC=VENTERA,DC=com</auth-ldap-base-dn>
    <auth-users-auto-add>true</auth-users-auto-add>
    <type>stp.properties.fisheye.ldap.user.management</type>
    <auth-ldap-user-filter>(sAMAccountName=${USERNAME})</auth-ldap-user-filter>
    <cache-ttl>5 minutes</cache-ttl>
  </external-user-management>
  <license-details>
    <product>FishEye</product>
    <license-period>Expires Fri Jul 14 10:00:00 EDT 2017</license-period>
    <description>FishEye (Server) 100 Users: Commercial License</description>
    <sen>SEN-4021337</sen>
    <expires->Wed Dec 31 19:00:00 EST 1969</expires->
    <owner>Ventera Corporation.</owner>
    <server-id>B7AG-J5RU-G64F-VPYW</server-id>
    <organisation>FishEye (Server) 100 Users: Commercial License License registered to Ventera Corporation.</organisation>
    <stp.properties.fisheye.fisheye.max.users>100</stp.properties.fisheye.fisheye.max.users>
  </license-details>
  <resource-limits/>
  <database-information>
    <database-name>SQLServer 2008</database-name>
    <connection-url>jdbc:jtds:sqlserver://ven-dev-db8:1470;databaseName=fisheyedb;</connection-url>
    <database-version>89</database-version>
    <driver-name>net.sourceforge.jtds.jdbc.Driver</driver-name>
  </database-information>
  <application-properties>
    <build>20141030150539</build>
    <debug-enabled>false</debug-enabled>
    <http-bind>:8060</http-bind>
    <crucible-version>3.6.1</crucible-version>
    <version>3.6.1</version>
    <instance-dir>F:\Atlassian\Data\fecru</instance-dir>
    <api-enabled>true</api-enabled>
    <home-directory>F:\Atlassian\fecru-3.6.1</home-directory>
  </application-properties>
  <repositories>
    <repository>
      <type>cvs</type>
      <state>RUNNING</state>
      <name>fnsmvnrepo</name>
    </repository>
    <repository>
      <type>cvs</type>
      <state>RUNNING</state>
      <name>VenteraCVSRepo</name>
    </repository>
  </repositories>
  <plugins/>
  <source-control/>
  <environment-variables>
    <ProgramData>C:\ProgramData</ProgramData>
    <USERPROFILE>C:\Windows\system32\config\systemprofile</USERPROFILE>
    <PATHEXT>.COM;.EXE;.BAT;.CMD;.VBS;.VBE;.JS;.JSE;.WSF;.WSH;.MSC</PATHEXT>
    <ProgramFiles(x86)>C:\Program Files (x86)</ProgramFiles(x86)>
    <SystemDrive>C:</SystemDrive>
    <TEMP>C:\Windows\TEMP</TEMP>
    <ProgramFiles>C:\Program Files</ProgramFiles>
    <Path>E:\Perl64\site\bin;E:\Perl64\bin;E:\Perl\bin;C:\Windows\system32;C:\Windows;C:\Windows\System32\Wbem;C:\Windows\System32\WindowsPowerShell\v1.0\;E:\Program Files (x86)\CVS Suite\CVSNT\;E:\Program Files\MySQL\MySQLServer5.6\bin\;C:\Program Files (x86)\CVS Suite\CVSNT\;</Path>
    <PROCESSOR_REVISION>3f02</PROCESSOR_REVISION>
    <USERDOMAIN>VENTERA</USERDOMAIN>
    <ALLUSERSPROFILE>C:\ProgramData</ALLUSERSPROFILE>
    <ProgramW6432>C:\Program Files</ProgramW6432>
    <PROCESSOR_IDENTIFIER>Intel64 Family 6 Model 63 Stepping 2, GenuineIntel</PROCESSOR_IDENTIFIER>
    <TMP>C:\Windows\TEMP</TMP>
    <CommonProgramFiles>C:\Program Files\Common Files</CommonProgramFiles>
    <PROCESSOR_ARCHITECTURE>AMD64</PROCESSOR_ARCHITECTURE>
    <FP_NO_HOST_CHECK>NO</FP_NO_HOST_CHECK>
    <OS>Windows_NT</OS>
    <FISHEYE_HOME>F:\Atlassian\fecru-3.6.1</FISHEYE_HOME>
    <PROCESSOR_LEVEL>6</PROCESSOR_LEVEL>
    <FISHEYE_INST>F:\Atlassian\Data\fecru</FISHEYE_INST>
    <CommonProgramW6432>C:\Program Files\Common Files</CommonProgramW6432>
    <LOCALAPPDATA>C:\Windows\system32\config\systemprofile\AppData\Local</LOCALAPPDATA>
    <COMPUTERNAME>STR2-DEV-CVS1</COMPUTERNAME>
    <SystemRoot>C:\Windows</SystemRoot>
    <windir>C:\Windows</windir>
    <NUMBER_OF_PROCESSORS>2</NUMBER_OF_PROCESSORS>
    <PSModulePath>C:\Windows\system32\WindowsPowerShell\v1.0\Modules\</PSModulePath>
    <PUBLIC>C:\Users\Public</PUBLIC>
    <USERNAME>STR2-DEV-CVS1$</USERNAME>
    <CommonProgramFiles(x86)>C:\Program Files (x86)\Common Files</CommonProgramFiles(x86)>
    <ComSpec>C:\Windows\system32\cmd.exe</ComSpec>
    <APPDATA>C:\Windows\system32\config\systemprofile\AppData\Roaming</APPDATA>
  </environment-variables>
  <enabled-plugins>
    <plugin>
      <key>com.atlassian.fecru.plugins.fecru-quicknav-plugin</key>
      <status>Enabled</status>
      <version>3.6.1-20141030150539</version>
      <name>FishEye/Crucible QuickNav plugin</name>
      <vendor>Atlassian</vendor>
    </plugin>
    <plugin>
      <key>com.atlassian.plugins.atlassian-dev-status-plugin</key>
      <status>Enabled</status>
      <version>1.0.0</version>
      <name>Dev Status Plugin</name>
      <vendor>Atlassian</vendor>
    </plugin>
    <plugin>
      <key>com.atlassian.fecru.fecru-gadgets-plugin</key>
      <status>Enabled</status>
      <version>1.0</version>
      <name>fecru-gadgets-plugin</name>
      <vendor>Atlassian</vendor>
    </plugin>
    <plugin>
      <key>com.atlassian.crucible.plugins.crucible-svn-scm-plugin</key>
      <status>Enabled</status>
      <version>3.6.1-20141030150539</version>
      <name>Crucible Subversion SCM Plugin</name>
      <vendor>Atlassian</vendor>
    </plugin>
    <plugin>
      <key>com.atlassian.plugins.remote-link-aggregator-plugin</key>
      <status>Enabled</status>
      <version>2.0.11</version>
      <name>Remote Link Aggregator Plugin</name>
      <vendor>Atlassian</vendor>
    </plugin>
    <plugin>
      <key>com.atlassian.fecru.plugin.commithook.fecru-jiracommithook-plugin</key>
      <status>Enabled</status>
      <version>3.6.1-20141030150539</version>
      <name>FishEye/Crucible JIRA Smart Commit Plugin</name>
      <vendor>Atlassian</vendor>
    </plugin>
    <plugin>
      <key>com.atlassian.fisheye.code-metrics-report</key>
      <status>Enabled</status>
      <version>3.6.1-20141030150539</version>
      <name>FishEye Code Metrics Report Plugin</name>
      <vendor>Atlassian</vendor>
    </plugin>
    <plugin>
      <key>com.atlassian.webhooks.atlassian-webhooks-plugin</key>
      <status>Enabled</status>
      <version>0.17.6</version>
      <name>Atlassian WebHooks Plugin</name>
      <vendor>Atlassian</vendor>
    </plugin>
    <plugin>
      <key>com.atlassian.oauth.serviceprovider.sal</key>
      <status>Enabled</status>
      <version>1.9.6</version>
      <name>Atlassian OAuth Service Provider SAL SPI Implementation</name>
      <vendor>Atlassian</vendor>
    </plugin>
    <plugin>
      <key>com.atlassian.oauth.admin</key>
      <status>Enabled</status>
      <version>1.9.6</version>
      <name>Atlassian OAuth Admin Plugin</name>
      <vendor>Atlassian</vendor>
    </plugin>
    <plugin>
      <key>com.atlassian.fisheye.devmode</key>
      <status>Disabled</status>
      <version>3.6.1-20141030150539</version>
      <name>FECRU Development Mode Plugin</name>
      <vendor>Atlassian</vendor>
    </plugin>
    <plugin>
      <key>com.atlassian.support.stp</key>
      <status>Enabled</status>
      <version>3.0.17</version>
      <name>Support Tools Plugin</name>
      <vendor>Atlassian Support</vendor>
    </plugin>
    <plugin>
      <key>com.atlassian.crucible.plugins.crucible-branch-review-plugin</key>
      <status>Enabled</status>
      <version>3.6.1-20141030150539</version>
      <name>crucible-branch-review-plugin</name>
      <vendor>Atlassian</vendor>
    </plugin>
    <plugin>
      <key>com.atlassian.crucible.jira-blockers-report</key>
      <status>Enabled</status>
      <version>3.6.1-20141030150539</version>
      <name>Crucible JIRA Blockers Plugin</name>
      <vendor>Atlassian</vendor>
    </plugin>
    <plugin>
      <key>com.atlassian.fisheye.plugin.systemplugins.system-crucible-review-addcontent-items</key>
      <status>Enabled</status>
      <version>1.0</version>
      <name>Crucible add review content items</name>
      <vendor>Atlassian</vendor>
    </plugin>
    <plugin>
      <key>com.atlassian.prettyurls.atlassian-pretty-urls-plugin</key>
      <status>Enabled</status>
      <version>1.11.0</version>
      <name>Atlassian Pretty URLs Plugin</name>
      <vendor>Atlassian</vendor>
    </plugin>
    <plugin>
      <key>com.atlassian.streams.fisheye</key>
      <status>Enabled</status>
      <version>5.3.27</version>
      <name>FishEye Streams Plugin</name>
      <vendor>Atlassian Software Systems Pty Ltd</vendor>
    </plugin>
    <plugin>
      <key>com.atlassian.fisheye.plugin.systemplugins.system-admin-items</key>
      <status>Enabled</status>
      <version>1.0</version>
      <name>Admin menu items</name>
      <vendor>Atlassian</vendor>
    </plugin>
    <plugin>
      <key>com.atlassian.plugins.atlassian-remote-event-producer-plugin</key>
      <status>Enabled</status>
      <version>1.0.1</version>
      <name>Atlassian Remote Event Producer Plugin</name>
      <vendor>Atlassian</vendor>
    </plugin>
    <plugin>
      <key>com.atlassian.plugins.atlassian-nav-links-plugin</key>
      <status>Enabled</status>
      <version>3.3.1</version>
      <name>Atlassian Navigation Links Plugin</name>
      <vendor>Atlassian</vendor>
    </plugin>
    <plugin>
      <key>com.atlassian.crucible.review-blockers-report</key>
      <status>Enabled</status>
      <version>3.6.1-20141030150539</version>
      <name>Crucible Review Blockers Report Plugin</name>
      <vendor>Atlassian</vendor>
    </plugin>
    <plugin>
      <key>com.atlassian.streams.crucible</key>
      <status>Enabled</status>
      <version>5.3.27</version>
      <name>Crucible Streams Plugin</name>
      <vendor>Atlassian Software Systems Pty Ltd</vendor>
    </plugin>
    <plugin>
      <key>com.atlassian.integration.jira.jira-integration-plugin</key>
      <status>Enabled</status>
      <version>1.5.14</version>
      <name>JIRA Integration :: Plugin</name>
      <vendor>Atlassian</vendor>
    </plugin>
    <plugin>
      <key>com.atlassian.crucible.plugins.crucible-p4-scm-plugin</key>
      <status>Enabled</status>
      <version>3.6.1-20141030150539</version>
      <name>Crucible Perforce SCM Plugin</name>
      <vendor>Atlassian</vendor>
    </plugin>
    <plugin>
      <key>auiplugin-integration-sal</key>
      <status>Enabled</status>
      <version>5.5.2</version>
      <name>Atlassian UI Integration with SAL</name>
      <vendor>Atlassian</vendor>
    </plugin>
    <plugin>
      <key>com.atlassian.streams.core</key>
      <status>Enabled</status>
      <version>5.3.27</version>
      <name>Streams Core Plugin</name>
      <vendor>Atlassian Software Systems Pty Ltd</vendor>
    </plugin>
    <plugin>
      <key>com.atlassian.scala.plugins.scala-2.10-provider-plugin</key>
      <status>Enabled</status>
      <version>0.5</version>
      <name>scala-provider-plugin</name>
      <vendor>Atlassian</vendor>
    </plugin>
    <plugin>
      <key>com.atlassian.gadgets.atlassian-gadgets-api-3.2.1</key>
      <status>Enabled</status>
      <version>3.2.1</version>
      <name>Atlassian Gadgets API</name>
      <vendor>Atlassian</vendor>
    </plugin>
    <plugin>
      <key>com.atlassian.crucible.plugins.crucible-git-scm-plugin</key>
      <status>Enabled</status>
      <version>3.6.1-20141030150539</version>
      <name>Crucible Git Plugin</name>
      <vendor>Atlassian</vendor>
    </plugin>
    <plugin>
      <key>com.atlassian.oauth.consumer.sal</key>
      <status>Enabled</status>
      <version>1.9.6</version>
      <name>Atlassian OAuth Consumer SAL SPI Implementation</name>
      <vendor>Atlassian</vendor>
    </plugin>
    <plugin>
      <key>com.atlassian.crucible.plugins.jira-ril</key>
      <status>Enabled</status>
      <version>3.6.1-20141030150539</version>
      <name>Inline Issue Creation Plugin for Crucible</name>
      <vendor>Atlassian</vendor>
    </plugin>
    <plugin>
      <key>com.atlassian.applinks.applinks-plugin</key>
      <status>Enabled</status>
      <version>4.3.5</version>
      <name>Applinks Product Plugin</name>
      <vendor>Atlassian</vendor>
    </plugin>
    <plugin>
      <key>com.atlassian.templaterenderer.atlassian-template-renderer-velocity1.6-plugin</key>
      <status>Enabled</status>
      <version>1.5.4</version>
      <name>Atlassian Template Renderer Velocity 1.6 Plugin</name>
      <vendor>Atlassian</vendor>
    </plugin>
    <plugin>
      <key>com.atlassian.activeobjects.activeobjects-plugin</key>
      <status>Enabled</status>
      <version>0.25.2</version>
      <name>ActiveObjects Plugin - OSGi Bundle</name>
      <vendor>Atlassian</vendor>
    </plugin>
    <plugin>
      <key>com.atlassian.plugins.issue-status-plugin</key>
      <status>Enabled</status>
      <version>1.1.6</version>
      <name>Issue Status Plugin</name>
      <vendor>Atlassian</vendor>
    </plugin>
    <plugin>
      <key>com.atlassian.streams.streams-api-5.3.27</key>
      <status>Enabled</status>
      <version>5.3.27</version>
      <name>Streams API</name>
      <vendor>Atlassian</vendor>
    </plugin>
    <plugin>
      <key>com.atlassian.auiplugin</key>
      <status>Enabled</status>
      <version>5.5.2</version>
      <name>Atlassian UI Plugin</name>
      <vendor>Atlassian</vendor>
    </plugin>
    <plugin>
      <key>com.atlassian.fecru.plugins.fecru-actions-dialog-plugin</key>
      <status>Enabled</status>
      <version>3.6.1-20141030150539</version>
      <name>fecru-actions-dialog-plugin</name>
      <vendor>Atlassian</vendor>
    </plugin>
    <plugin>
      <key>com.atlassian.plugins.rest.atlassian-rest-module</key>
      <status>Enabled</status>
      <version>2.9.7</version>
      <name>Atlassian REST - Module Types</name>
      <vendor>Atlassian</vendor>
    </plugin>
    <plugin>
      <key>com.atlassian.fecru.fecru-analytics-plugin</key>
      <status>Enabled</status>
      <version>3.6.1-20141030150539</version>
      <name>FishEye/Crucible Analytics Plugin</name>
      <vendor>Atlassian</vendor>
    </plugin>
    <plugin>
      <key>com.atlassian.plugins.atlassian-dark-features-ui-plugin</key>
      <status>Enabled</status>
      <version>0.7.1</version>
      <name>Atlassian Dark Features User Interface Plugin</name>
      <vendor>Atlassian</vendor>
    </plugin>
    <plugin>
      <key>com.atlassian.healthcheck.atlassian-healthcheck</key>
      <status>Enabled</status>
      <version>2.0.7</version>
      <name>Atlassian HealthCheck Common Module</name>
      <vendor>Atlassian</vendor>
    </plugin>
    <plugin>
      <key>com.atlassian.plugins.atlassian-remote-event-common-plugin</key>
      <status>Enabled</status>
      <version>1.0.1</version>
      <name>Atlassian Remote Event Common Plugin</name>
      <vendor>Atlassian</vendor>
    </plugin>
    <plugin>
      <key>com.atlassian.crucible.plugins.fecru-jira-dev-summary-plugin</key>
      <status>Enabled</status>
      <version>3.6.1-20141030150539</version>
      <name>Issue Dev Summary plugin</name>
      <vendor>Atlassian</vendor>
    </plugin>
    <plugin>
      <key>com.atlassian.fecru.fecru-stash-integration-plugin</key>
      <status>Enabled</status>
      <version>3.6.1-20141030150539</version>
      <name>FishEye/Crucible Stash Integration Plugin</name>
      <vendor>Atlassian</vendor>
    </plugin>
    <plugin>
      <key>com.atlassian.fecru.plugin.commithook.fecru-reviewcommithook-plugin</key>
      <status>Enabled</status>
      <version>3.6.1-20141030150539</version>
      <name>FishEye/Crucible Review Smart Commit Plugin</name>
      <vendor>Atlassian</vendor>
    </plugin>
    <plugin>
      <key>com.atlassian.gadgets.atlassian-gadgets-spi-3.2.1</key>
      <status>Enabled</status>
      <version>3.2.1</version>
      <name>Atlassian Gadgets SPI</name>
      <vendor>Atlassian</vendor>
    </plugin>
    <plugin>
      <key>com.atlassian.atlassian-failure-cache-plugin</key>
      <status>Enabled</status>
      <version>0.14</version>
      <name>atlassian-failure-cache-plugin</name>
      <vendor>Atlassian</vendor>
    </plugin>
    <plugin>
      <key>com.atlassian.sal.fisheye</key>
      <status>Enabled</status>
      <version>3.6.1-20141030150539</version>
      <name>Shared Application Access Layer FishEye/Crucible Plugin</name>
      <vendor>Atlassian</vendor>
    </plugin>
    <plugin>
      <key>com.atlassian.fecru.plugins.fecru-jirarest-plugin</key>
      <status>Enabled</status>
      <version>3.6.1-20141030150539</version>
      <name>fecru-jirarest-plugin</name>
      <vendor>Atlassian</vendor>
    </plugin>
    <plugin>
      <key>com.atlassian.httpclient.atlassian-httpclient-plugin</key>
      <status>Enabled</status>
      <version>0.17.0</version>
      <name>Atlassian HTTP Client, Apache HTTP components impl</name>
      <vendor>Atlassian</vendor>
    </plugin>
    <plugin>
      <key>com.atlassian.oauth.atlassian-oauth-service-provider-spi</key>
      <status>Enabled</status>
      <version>1.9.6</version>
      <name>Atlassian OAuth Service Provider SPI</name>
      <vendor>Atlassian</vendor>
    </plugin>
    <plugin>
      <key>com.atlassian.plugins.atlassian-remote-event-consumer-plugin</key>
      <status>Enabled</status>
      <version>1.0.1</version>
      <name>Atlassian Remote Event Consumer Plugin</name>
      <vendor>Atlassian</vendor>
    </plugin>
    <plugin>
      <key>com.atlassian.plugins.jquery</key>
      <status>Enabled</status>
      <version>1.8.3</version>
      <name>jquery</name>
      <vendor>(unknown)</vendor>
    </plugin>
    <plugin>
      <key>com.atlassian.fecru.plugin.commithook.fecru-commithooks-plugin</key>
      <status>Enabled</status>
      <version>3.6.1-20141030150539</version>
      <name>FishEye/Crucible Commit Hooks Plugin</name>
      <vendor>Atlassian</vendor>
    </plugin>
    <plugin>
      <key>com.atlassian.crucible.plugins.review-cli</key>
      <status>Enabled</status>
      <version>3.6.1-20141030150539</version>
      <name>Review creation CLI for Crucible</name>
      <vendor>Atlassian</vendor>
    </plugin>
    <plugin>
      <key>com.atlassian.crucible.plugins.review-coverage-report</key>
      <status>Enabled</status>
      <version>3.6.1-20141030150539</version>
      <name>Crucible Review Coverage Report Plugin</name>
      <vendor>Atlassian</vendor>
    </plugin>
    <plugin>
      <key>com.atlassian.gadgets.publisher</key>
      <status>Enabled</status>
      <version>3.2.1</version>
      <name>Gadget Spec Publisher Plugin</name>
      <vendor>Atlassian</vendor>
    </plugin>
    <plugin>
      <key>com.atlassian.templaterenderer.api</key>
      <status>Enabled</status>
      <version>1.5.4</version>
      <name>Atlassian Template Renderer API</name>
      <vendor>Atlassian</vendor>
    </plugin>
    <plugin>
      <key>com.atlassian.fecru.plugins.fecru-healthsource-plugin</key>
      <status>Enabled</status>
      <version>3.6.1-20141030150539</version>
      <name>fecru-healthsource-plugin</name>
      <vendor>Atlassian</vendor>
    </plugin>
    <plugin>
      <key>com.atlassian.fecru.fecru-rest-plugin</key>
      <status>Enabled</status>
      <version>1.0</version>
      <name>fecru-rest-plugin</name>
      <vendor>Atlassian</vendor>
    </plugin>
    <plugin>
      <key>com.atlassian.soy.soy-template-plugin</key>
      <status>Enabled</status>
      <version>2.7.0</version>
      <name>Atlassian Soy - Plugin</name>
      <vendor>Atlassian</vendor>
    </plugin>
    <plugin>
      <key>com.atlassian.crucible.plugins.crucible-filesystem-scm-plugin</key>
      <status>Enabled</status>
      <version>3.6.1-20141030150539</version>
      <name>Crucible FileSystem SCM Plugin</name>
      <vendor>Atlassian</vendor>
    </plugin>
    <plugin>
      <key>com.atlassian.streams.streams-spi-5.3.27</key>
      <status>Enabled</status>
      <version>5.3.27</version>
      <name>Streams SPI</name>
      <vendor>Atlassian</vendor>
    </plugin>
    <plugin>
      <key>com.atlassian.oauth.atlassian-oauth-consumer-spi</key>
      <status>Enabled</status>
      <version>1.9.6</version>
      <name>Atlassian OAuth Consumer SPI</name>
      <vendor>Atlassian</vendor>
    </plugin>
    <plugin>
      <key>com.atlassian.fecru.plugin.review-issue-transition.fecru-review-issue-transition-plugin</key>
      <status>Enabled</status>
      <version>3.6.1-20141030150539</version>
      <name>Crucible Issue Transitioning Plugin</name>
      <vendor>Atlassian</vendor>
    </plugin>
    <plugin>
      <key>com.atlassian.plugins.less-transformer-plugin</key>
      <status>Enabled</status>
      <version>2.1.0</version>
      <name>Atlassian LESS Transformer Plugin</name>
      <vendor>Atlassian</vendor>
    </plugin>
    <plugin>
      <key>com.atlassian.upm.atlassian-universal-plugin-manager-plugin</key>
      <status>Enabled</status>
      <version>2.17.6</version>
      <name>Atlassian Universal Plugin Manager Plugin</name>
      <vendor>Atlassian</vendor>
    </plugin>
    <plugin>
      <key>com.atlassian.analytics.analytics-client</key>
      <status>Enabled</status>
      <version>3.50.2</version>
      <name>Analytics Client Plugin</name>
      <vendor>Atlassian</vendor>
    </plugin>
    <plugin>
      <key>com.atlassian.streams</key>
      <status>Enabled</status>
      <version>5.3.27</version>
      <name>Streams Plugin</name>
      <vendor>Atlassian Software Systems Pty Ltd</vendor>
    </plugin>
    <plugin>
      <key>com.atlassian.fisheye.highlighter-expansion-pack</key>
      <status>Enabled</status>
      <version>3.6.1-20141030150539</version>
      <name>FishEye Commit Graph Highlighter Expansion Pack</name>
      <vendor>Atlassian</vendor>
    </plugin>
    <plugin>
      <key>com.atlassian.oauth.serviceprovider</key>
      <status>Enabled</status>
      <version>1.9.6</version>
      <name>Atlassian OAuth Service Provider Plugin</name>
      <vendor>Atlassian</vendor>
    </plugin>
    <plugin>
      <key>com.atlassian.oauth.consumer</key>
      <status>Enabled</status>
      <version>1.9.6</version>
      <name>Atlassian OAuth Consumer Plugin</name>
      <vendor>Atlassian</vendor>
    </plugin>
    <plugin>
      <key>com.atlassian.fecru.plugin.commithook.fecru-webhooks-plugin</key>
      <status>Enabled</status>
      <version>3.6.1-20141030150539</version>
      <name>FishEye/Crucible Web Hooks Plugin</name>
      <vendor>Atlassian</vendor>
    </plugin>
  </enabled-plugins>
  <java-runtime-environment>
    <java.vm.version>23.25-b01</java.vm.version>
    <com.sun.jndi.ldap.connect.pool.maxsize>20</com.sun.jndi.ldap.connect.pool.maxsize>
    <java.vendor.url>http://java.oracle.com/</java.vendor.url>
    <sun.jnu.encoding>Cp1252</sun.jnu.encoding>
    <java.vm.info>mixed mode</java.vm.info>
    <java.awt.headless>true</java.awt.headless>
    <user.dir>F:\Atlassian\fecru-3.6.1\bin</user.dir>
    <sun.cpu.isalist>amd64</sun.cpu.isalist>
    <java.awt.graphicsenv>sun.awt.Win32GraphicsEnvironment</java.awt.graphicsenv>
    <sun.awt.enableExtraMouseButtons>true</sun.awt.enableExtraMouseButtons>
    <user.home>C:\</user.home>
    <java.io.tmpdir>F:\Atlassian\Data\fecru\var\tmp</java.io.tmpdir>
    <java.awt.printerjob>sun.awt.windows.WPrinterJob</java.awt.printerjob>
    <percent-heap-used>79%</percent-heap-used>
    <java.version>1.7.0_25</java.version>
    <file.encoding.pkg>sun.io</file.encoding.pkg>
    <max-heap>954,466,304</max-heap>
    <java.vendor.url.bug>http://bugreport.sun.com/bugreport/</java.vendor.url.bug>
    <file.encoding>UTF-8</file.encoding>
    <line.separator></line.separator>
    <fisheye.inst>F:\Atlassian\Data\fecru</fisheye.inst>
    <java.vm.specification.vendor>Oracle Corporation</java.vm.specification.vendor>
    <java.vm.vendor>Oracle Corporation</java.vm.vendor>
    <java.class.path>F:\Atlassian\fecru-3.6.1\fisheyeboot.jar</java.class.path>
    <max-permgen>268,435,456</max-permgen>
    <sun.io.unicode.encoding>UnicodeLittle</sun.io.unicode.encoding>
    <heap-available>104,510,032</heap-available>
    <os.arch>amd64</os.arch>
    <user.name>STR2-DEV-CVS1$</user.name>
    <user.language>en</user.language>
    <java.runtime.version>1.7.0_25-b17</java.runtime.version>
    <sun.boot.class.path>F:\Atlassian\fecru-3.6.1\jre\lib\resources.jar;F:\Atlassian\fecru-3.6.1\jre\lib\rt.jar;F:\Atlassian\fecru-3.6.1\jre\lib\sunrsasign.jar;F:\Atlassian\fecru-3.6.1\jre\lib\jsse.jar;F:\Atlassian\fecru-3.6.1\jre\lib\jce.jar;F:\Atlassian\fecru-3.6.1\jre\lib\charsets.jar;F:\Atlassian\fecru-3.6.1\jre\lib\jfr.jar;F:\Atlassian\fecru-3.6.1\jre\classes</sun.boot.class.path>
    <sun.desktop>windows</sun.desktop>
    <sun.cpu.endian>little</sun.cpu.endian>
    <awt.toolkit>sun.awt.windows.WToolkit</awt.toolkit>
    <sun.boot.library.path>F:\Atlassian\fecru-3.6.1\jre\bin</sun.boot.library.path>
    <heap-used>496,304,128</heap-used>
    <java.vm.name>Java HotSpot(TM) 64-Bit Server VM</java.vm.name>
    <events.remote.ratelimit.maxTokens>100</events.remote.ratelimit.maxTokens>
    <java.home>F:\Atlassian\fecru-3.6.1\jre</java.home>
    <fisheye.home>F:\Atlassian\fecru-3.6.1</fisheye.home>
    <net.sf.ehcache.skipUpdateCheck>true</net.sf.ehcache.skipUpdateCheck>
    <java.endorsed.dirs>F:\Atlassian\fecru-3.6.1\lib\endorsed</java.endorsed.dirs>
    <application-server>Apache Tomcat</application-server>
    <permgen-used>170,161,328</permgen-used>
    <sun.management.compiler>HotSpot 64-Bit Tiered Compilers</sun.management.compiler>
    <winp.folder.preferred>F:\Atlassian\Data\fecru\lib\truncated</winp.folder.preferred>
    <java.runtime.name>Java(TM) SE Runtime Environment</java.runtime.name>
    <java.library.path>F:\Atlassian\fecru-3.6.1\bin;C:\Windows\Sun\Java\bin;C:\Windows\system32;C:\Windows;E:\Perl64\site\bin;E:\Perl64\bin;E:\Perl\bin;C:\Windows\system32;C:\Windows;C:\Windows\System32\Wbem;C:\Windows\System32\WindowsPowerShell\v1.0\;E:\Program Files (x86)\CVS Suite\CVSNT\;E:\Program Files\MySQL\MySQLServer5.6\bin\;C:\Program Files (x86)\CVS Suite\CVSNT\;;.</java.library.path>
    <file.separator>\</file.separator>
    <java.specification.vendor>Oracle Corporation</java.specification.vendor>
    <java.vm.specification.version>1.7</java.vm.specification.version>
    <user.timezone>America/New_York</user.timezone>
    <os.name>Windows Server 2012</os.name>
    <path.separator>;</path.separator>
    <java.ext.dirs>F:\Atlassian\fecru-3.6.1\jre\lib\ext;C:\Windows\Sun\Java\lib\ext</java.ext.dirs>
    <sun.arch.data.model>64</sun.arch.data.model>
    <virtual-machine-arguments>-Dfisheye.library.path= -Dfisheye.inst=F:\Atlassian\Data\fecru -Djava.awt.headless=true -Dfile.encoding=UTF-8 -Djava.endorsed.dirs=F:\Atlassian\fecru-3.6.1\lib\endorsed -Xmx1024m -XX:MaxPermSize=256m exit</virtual-machine-arguments>
    <os.version>6.2</os.version>
    <java.specification.name>Java Platform API Specification</java.specification.name>
    <java.class.version>51.0</java.class.version>
    <user.country>US</user.country>
    <java.vendor>Oracle Corporation</java.vendor>
    <java.vm.specification.name>Java Virtual Machine Specification</java.vm.specification.name>
    <com.bluecast.xml.ValidatingSAXParserFactory>org.apache.xerces.jaxp.SAXParserFactoryImpl</com.bluecast.xml.ValidatingSAXParserFactory>
    <java.specification.version>1.7</java.specification.version>
  </java-runtime-environment>
  <modifications>
    <modified>
      <file>bin/service.bat</file>
    </modified>
    <removed>
      <file>lib/jsp_pre.zip</file>
    </removed>
  </modifications>
</properties>
